{
  "assetsByChunkName": {
    "vendors~app-account~app-confirmation~app-order": "chunk.8e269a20dc60caa3c92b.js",
    "vendors~app-account~app-checkout": "chunk.5cd53b5877d23c7c8e25.js",
    "vendors~app-cart~app-checkout": "chunk.78e4fb9208f557733b7b.js",
    "admin": [
      "admin.3a16910d5634f17f75d4.js",
      "admin.3a16910d5634f17f75d4.js.map"
    ],
    "app-account": "chunk.f5c58a2b857634478f62.js",
    "app-checkout": "chunk.2190b4b2515279ded79c.js",
    "app-confirmation": "chunk.5d96f311400807c78cd3.js",
    "checkout": [
      "checkout.14b786586ef2e345401e.js",
      "checkout.14b786586ef2e345401e.js.map"
    ],
    "storefront": [
      "storefront.b8bda8af8001b8bee5a2.css",
      "storefront.8e3c105896f3b63b0cbd.js",
      "storefront.b8bda8af8001b8bee5a2.css.map",
      "storefront.8e3c105896f3b63b0cbd.js.map"
    ],
    "vendors~app-cart": "chunk.53821709fae20c89ee8b.js",
    "vendors~app-order": "chunk.d09eeb6716e1e8f9741f.js"
  }
}