{
  "title": "Contato",
  "meta_title": "Contato",
  "meta_description": "Contato",
  "body": "\n\nFale conosco\n\nEstamos prontos para atendê-lo, deixe seu recado e responderemos o mais rápido possível.",
  "sections": [
    {
      "type": "custom-html",
      "html": "<!DOCTYPE html>\n<html>\n<head>\n  <meta charset=\"UTF-8\">\n  <title>Formulário de Contato</title>\n  <style>\n    label {\n      display: block;\n      margin-bottom: 10px;\n    }\n\n    input[type=\"text\"],\n    textarea {\n      width: 300px;\n      padding: 5px;\n    }\n\n    textarea {\n      height: 100px;\n    }\n\n    input[type=\"submit\"] {\n      padding: 10px 20px;\n      background-color: green;\n      color: white;\n      border: none;\n      cursor: pointer;\n    }\n  </style>\n</head>\n<body>\n  <h2>Formulário de Contato</h2>\n  <form action=\"mailto:suplementosrp@hotmail.com\" method=\"POST\" enctype=\"text/plain\">\n    <label for=\"nome\">Nome:</label>\n    <input type=\"text\" id=\"nome\" name=\"nome\" required>\n\n    <label for=\"email\">Email:</label>\n    <input type=\"text\" id=\"email\" name=\"email\" required>\n\n    <label for=\"mensagem\">Mensagem:</label>\n    <textarea id=\"mensagem\" name=\"mensagem\" required></textarea>\n\n    <input type=\"submit\" value=\"Enviar\">\n  </form>\n</body>\n</html>"
    }
  ]
}