{
  "categories_list": {
    "featured": [
      "/acessorios-vestuario/?ACESSÓRIOS-VESTUÁRIO",
      "/massa-muscular/?MASSA MUSCULAR",
      "/energia/?ENERGIA",
      "/emagrecimento/?EMAGRECIMENTO",
      "/vitaminas-fitoterapicos/?ESPECÍFICOS-VITAMINAS",
      "/saude/?SAÚDE",
      "/promocoes/?PROMOÇÕES"
    ],
    "random": 7,
    "full_width": true
  },
  "menu_all_departments": true,
  "centralized_logo": false,
  "marketing_stripe": {
    "text": "📦 FRETE GRÁTIS, CONSULTE",
    "link": "/pages/entrega",
    "background": "#e0e0e0",
    "color": "#121212"
  },
  "alphabetical_order_submenu": true,
  "name_all_departments": "TODOS",
  "search_input": true,
  "desktop_megamenu": true,
  "full_width_submenu": true,
  "contacts_stripe": {
    "pages": [
      {
        "title": "MINHA CONTA",
        "link": "/app/#/account/"
      },
      {
        "title": "VER PEDIDOS",
        "link": "/app/#/account/orders"
      },
      {
        "title": "COMO COMPRAR",
        "link": "/pages/faq"
      },
      {
        "title": "COMPRE POR WHATSAPP",
        "link": "https://wa.me/5516981277111"
      }
    ],
    "phone_wpp": true,
    "socials": true
  }
}