{
  "meta_title": "",
  "meta_description": "",
  "sections": [
    {
      "type": "banner-slider",
      "autoplay": 9000,
      "full_width": true,
      "slides": [
        {
          "start": "2025-06-08T20:23:03.359Z",
          "end": "",
          "img": "/img/uploads/dose-drupla-full-banner-creatina-bs.jpg",
          "link": "/creatina-pura-black-skull-300g-caveira-preta",
          "mobile_img": "/img/uploads/banner-full-responsivo-dose-dupla.jpg"
        },
        {
          "start": "2025-06-07T16:09:43.737Z",
          "end": "",
          "img": "/img/uploads/40d69953-78e0-45ea-9767-5a57b4c3b500.jpg",
          "mobile_img": "/img/uploads/suplementos-frete-mobile.png",
          "link": "/pages/entrega"
        }
      ]
    },
    {
      "type": "responsive-banner",
      "img": "/img/uploads/fachada-suplementosrp.png",
      "link": "/pages/entrega",
      "mobile_img": "/img/uploads/fachada-suplementosrp-mobile.png"
    },
    {
      "type": "banners-grid",
      "banners": [
        {
          "img": "/img/uploads/prohormonais-suplementosrp.png",
          "link": "/pro-hormonais/"
        },
        {
          "img": "/img/uploads/combosekits.png",
          "link": "/promocoes/"
        },
        {
          "link": "/energia/",
          "img": "/img/uploads/energia-suplementosrp.png"
        }
      ]
    },
    {
      "type": "collection-shelf",
      "shuffle": false,
      "limit": 12,
      "page": 1,
      "collection_id": "682cc9d8578b5f79541ef091:collections:CHEGOU AGORA:/chegou",
      "sort": "news",
      "link": "/acessorios-vestuario/",
      "title": "CHEGOU AGORA:"
    },
    {
      "type": "custom-content",
      "markdown": "[PROMOÇÕES DO MÊS ](/promocoes/)"
    },
    {
      "type": "dynamic-showcase",
      "load_more": false,
      "sort": "offers"
    },
    {
      "type": "collection-shelf",
      "shuffle": false,
      "limit": 12,
      "page": 1,
      "collection_id": "64a35bf75e6069037052a116:categories:MASSA MUSCULAR:/massa-muscular/",
      "sort": "views",
      "link": "/massa-muscular/",
      "title": "Maximize Seus Ganhos: Suplementos Potentes para Massa Muscular"
    },
    {
      "type": "collection-shelf",
      "shuffle": false,
      "limit": 12,
      "page": 1,
      "collection_id": "64a35bfd5e6069037052a128:categories:ENERGIA:/energia/",
      "sort": "news",
      "title": "Suplementos Energéticos: Mais Foco e Disposição para Seu Dia a Dia",
      "link": "/energia/"
    },
    {
      "type": "collection-shelf",
      "shuffle": false,
      "limit": 12,
      "page": 1,
      "collection_id": "64a35be95e6069037052a0df:categories:EMAGRECIMENTO:/emagrecimento/",
      "sort": "views",
      "link": "/emagrecimento/",
      "title": "Emagrecimento Saudável: Suplementos para Perder Peso e Definir"
    },
    {
      "type": "collection-shelf",
      "shuffle": false,
      "limit": 12,
      "page": 1,
      "collection_id": "64a35bef5e6069037052a0fd:categories:ESPECÍFICOS-VITAMINAS:/vitaminas-fitoterapicos/",
      "sort": "news",
      "link": "/vitaminas-fitoterapicos/",
      "title": "Fortaleça Seu Corpo: A Linha Completa de Vitaminas e Minerais"
    },
    {
      "type": "collection-shelf",
      "shuffle": false,
      "limit": 12,
      "page": 1,
      "collection_id": "64a35c0b5e6069037052a150:categories:Kit Massa Muscular:/kit-massa-muscular/",
      "sort": "news",
      "link": "/kit-massa-muscular/",
      "title": "Kits Completos para Ganho de Massa Muscular"
    },
    {
      "type": "info-bar",
      "enabled": true
    }
  ]
}